<?xml version="1.0" encoding="UTF-8"?>
<!DOCTYPE mapper
  PUBLIC "-//mybatis.org//DTD Mapper 3.0//EN"
  "https://mybatis.org/dtd/mybatis-3-mapper.dtd">
<mapper namespace="kr.co.kss.testmapper">

	<select id="login" parameterType="java.util.Map" resultType="java.util.Map">
		
		select u_no, u_nick from testtable.user where u_id = #{u_id} and u_password = #{u_password}
		
	</select>

	<select id="listAll" resultType="tabledto">
		SELECT * FROM testtable.table
	</select>

	<select id="selectone" resultType="tabledto">
		SELECT title, content, id FROM testtable.table where no = #{no}
	</select>
	
	<insert id="insert" parameterType="tabledto">
		insert into testtable.table (title, content, today, id) values (#{title},#{content},CURRENT_TIMESTAMP,#{id})
	</insert>
	
	<select id="listPage" resultType="tabledto">
	
	<![CDATA[
	select no, title, content, up from testtable.table where no > 0 order by no desc limit #{page}, 10
	]]>
	
	</select>
	<select id="listCriteria" resultType="tabledto">
	
	<![CDATA[
	select no, title, content, today, up from testtable.table where no > 0 order by no desc limit #{pageStart}, #{perPageNum}
	]]>
	
	</select>

	<select id="countPaging" resultType="int">
	
	<![CDATA[
	select count(no) from testtable.table where no > 0
	]]>
	
	</select>
	
	
	
	
</mapper>