<?xml version="1.0" encoding="UTF-8" ?>
<!DOCTYPE mapper
  PUBLIC "-//mybatis.org//DTD Mapper 3.0//EN"
  "https://mybatis.org/dtd/mybatis-3-mapper.dtd">
<mapper namespace="kr.co.dong.empMapper">
	<select id="cnt" resultType="int">
		select count(*) from emp
	</select>
	<!-- 전체 사원조회 -->
	<select id="listAll" resultType="emp">
		select * from emp
	</select>
	
	<!-- 사원 조회 selectOne/detail/view...-->
	<select id="selectOne" resultType="emp" parameterType="int">
		select * from emp where empno = #{empno}
	</select>
	
	<select id="insert" resultType="emp">
	insert into emp (empno, ename, job, mgr, sal) values (#{empno},#{ename},#{job},#{mgr},#{sal})
	
	</select>
</mapper>