<?xml version="1.0" encoding="UTF-8"?>
<beans:beans xmlns="http://www.springframework.org/schema/mvc"
	xmlns:xsi="http://www.w3.org/2001/XMLSchema-instance"
	xmlns:beans="http://www.springframework.org/schema/beans"
	xmlns:context="http://www.springframework.org/schema/context"
	xmlns:aop="http://www.springframework.org/schema/aop"
	xsi:schemaLocation="http://www.springframework.org/schema/mvc https://www.springframework.org/schema/mvc/spring-mvc.xsd
		http://www.springframework.org/schema/beans https://www.springframework.org/schema/beans/spring-beans.xsd
		http://www.springframework.org/schema/context https://www.springframework.org/schema/context/spring-context.xsd
		http://www.springframework.org/schema/aop http://www.springframework.org/schema/aop/spring-aop-4.3.xsd">

	<!-- DispatcherServlet Context: defines this servlet's request-processing infrastructure -->
	
	<!-- Enables the Spring MVC @Controller programming model -->
	<annotation-driven />

	<!-- Handles HTTP GET requests for /resources/** by efficiently serving up static resources in the ${webappRoot}/resources directory -->
	<resources mapping="/resources/**" location="/resources/" />
	<resources mapping="/upload/**" location="/upload/" />

	<!-- Resolves views selected for rendering by @Controllers to .jsp resources in the /WEB-INF/views directory -->
	<beans:bean class="org.springframework.web.servlet.view.InternalResourceViewResolver">
		<beans:property name="prefix" value="/WEB-INF/views/" />
		<beans:property name="suffix" value=".jsp" />
	</beans:bean>
	
	<context:component-scan base-package="kr.co.test" />
	<context:component-scan base-package="kr.co.test.controller" />
	<context:component-scan base-package="kr.co.test.service" />
	<context:component-scan base-package="kr.co.test.dao" />
	<context:component-scan base-package="kr.co.test.board" />
	
	<!-- AOP 실행을 위해 컴포넌트 등록 -->
	<aop:aspectj-autoproxy></aop:aspectj-autoproxy>

	<!-- 인터셉터 설정 -->
	<beans:bean class="kr.co.test.common.AuthenticationInterceptor" id="auth" />
	<!-- 인터셉터를 위한 매핑경로 설정 auth의 메소드를 수행하게한다 -->
	<interceptors>
		<interceptor>
			<mapping path="/board/register"/>
			<mapping path="/board/detail"/>
			<mapping path="/board/update"/>
			<mapping path="/board/delete"/>
			<beans:ref bean="auth"/>
		</interceptor>
	</interceptors>
	
	
	
	
	
</beans:beans>
