<?xml version="1.0" encoding="UTF-8" ?>
<!DOCTYPE mapper
  PUBLIC "-//mybatis.org//DTD Mapper 3.0//EN"
  "http://mybatis.org/dtd/mybatis-3-mapper.dtd">
<mapper namespace="kr.co.test.boardMapper">
	
	<!-- 로그인 처리를 위한 SQL -->
	<select id="login" parameterType="java.util.Map" resultType="java.util.Map">
		select id, name
		from springuser
		where id=#{id} and password=#{password};
	</select>
	
	<select id="listAll" resultType="BoardDTO">
		select * from board order by bno desc
	</select>

	<select id="selectOne" resultType="BoardDTO">
		select * from board where bno = #{bno}
	</select>
	
	<update id="update" parameterType="BoardDTO">
		update board set title=#{title}, content=#{content} where bno=#{bno}
	</update>
	<update id="updatecnt" parameterType="BoardDTO">
		update board set readcnt = readcnt + 1 where bno=#{bno}
	</update>
	
	<insert id="insert">
		insert into board (title, content, id, regdate) values (#{title}, #{content}, #{id}, CURRENT_TIMESTAMP)
	</insert>
	
	<!-- 해당 게시글 번호에 해당하는 댓글 조회하는 SQL (댓글 리스트)-->
   <select id="detail1" parameterType="int" resultType="BoardReply">
      select * from board_reply where bno = #{bno}
   </select>
   
      
   <!-- 댓글 쓰기 -->
   <insert id="reply" parameterType="BoardReply">
      insert into board_reply(rewriter, rememo, redate, bno) values (#{rewriter}, #{rememo}, curdate(), #{bno})
   </insert>
   
   
   <!-- 해당 댓글 조회 SQL -->
   <select id="detailReply" parameterType="int" resultType="BoardReply">
      select * from board_reply where reno=#{reno}
   </select>
   
   
   <!-- 댓글 수정 -->
   <update id="replyUpdate" parameterType="BoardReply">
      update board_reply set rewriter=#{rewriter}, rememo=#{rememo}, redate=curdate() where reno=#{reno}
   </update>
   
      
   <!-- 댓글 삭제 -->
   <delete id="replyDelete" parameterType="int">
      delete from board_reply where reno=#{reno}
   </delete>
	
	
	
	
	
	
	
	<select id="selectone" resultType="BoardDTO">
		SELECT title, content FROM board where bno = #{bno}
	</select>
	
	<insert id="insert2" parameterType="BoardDTO">
		insert into board (title, content) values (#{title},#{content})
	</insert>
	
	<select id="listPage" resultType="BoardDTO">
	
	<![CDATA[
	select bno, title, content, regdate, readcnt from board where bno > 0 order by bno desc limit #{page}, 10
	]]>
	
	</select>
	<select id="listCriteria" resultType="BoardDTO">
	
	<![CDATA[
	select bno, title, content, id, regdate, readcnt from board where bno > 0 order by bno desc limit #{pageStart}, #{perPageNum}
	]]>
	
	</select>

	<select id="countPaging" resultType="int">
	
	<![CDATA[
	select count(bno) from board where bno > 0
	]]>
	
	</select>
	
	
	
	<select id="listSearch" resultType="BoardDTO">
	
	<![CDATA[
	select * from board where bno > 0
	]]>
		<include refid="search"></include>
	
	<![CDATA[
	order by bno desc limit #{pageStart}, #{perPageNum}
	]]>
	</select>
	
	
	
	<select id="listSearchCount" resultType="int">
	
	<![CDATA[
	select count(bno) from board where bno > 0 
	]]>
		<include refid="search"></include>
	</select>
	
	
	
	
	<sql id="search">
	
	<if test="searchType != null">
		<if test="searchType == 't'.toString()">
		and title like CONCAT('%',#{keyword}, '%')
		</if>
		<if test="searchType == 'c'.toString()">
		and content like CONCAT('%',#{keyword}, '%')
		</if>
		<if test="searchType == 'w'.toString()">
		and id like CONCAT('%',#{keyword}, '%')
		</if>
		<if test="searchType == 'tc'.toString()">
		and (title like CONCAT('%',#{keyword}, '%') OR content like CONCAT('%',#{keyword}, '%')) 
		</if>
		<if test="searchType == 'cw'.toString()">
		and (content like CONCAT('%',#{keyword}, '%') OR id like CONCAT('%',#{keyword}, '%')) 
		</if>
		<if test="searchType == 'tcw'.toString()">
		and (title like CONCAT('%',#{keyword}, '%') OR content like CONCAT('%',#{keyword}, '%') OR id like CONCAT('%',#{keyword}, '%'))
		</if>
	</if>
	
	
	</sql>
	
	
	
	

</mapper>